iter	Logloss
0	0.5573233541
1	0.4991504756
2	0.4687069681
3	0.4507640023
4	0.4369081502
5	0.430535674
6	0.4227661819
7	0.4170339738
8	0.4146295061
9	0.4103491106
